url,status_code,final_url,lastmod
https://www.accutintbellevue.com/,200,https://www.accutintbellevue.com/,2023-03-24T14:06:34+00:00
https://www.accutintbellevue.com/submission-confirmation/,404,https://www.accutintbellevue.com/submission-confirmation/,2018-02-21T17:43:22+00:00
https://www.accutintbellevue.com/services/paint-protection-film/clear-bra-faq/,200,https://www.accutintbellevue.com/services/paint-protection-film/clear/,2018-03-15T21:29:29+00:00
https://www.accutintbellevue.com/window-film-energy-savings-calculator/,404,https://www.accutintbellevue.com/window-film-energy-savings-calculator/,2018-03-15T21:38:21+00:00
https://www.accutintbellevue.com/services/,200,https://www.accutintbellevue.com/services/,2018-06-27T23:37:33+00:00
https://www.accutintbellevue.com/services/commercial-window-film/,200,https://www.accutintbellevue.com/services/commercial-window-film/,2018-06-28T00:32:32+00:00
https://www.accutintbellevue.com/services/residential-window-film/,200,https://www.accutintbellevue.com/services/residential-window-film/,2018-06-28T00:33:16+00:00
https://www.accutintbellevue.com/services/automotive-window-tinting/7-benefits/,200,https://www.accutintbellevue.com/services/auto-window-tinting/,2018-07-09T18:18:58+00:00
https://www.accutintbellevue.com/services/automotive-window-tinting/visualizer/,200,https://www.accutintbellevue.com/services/auto-window-tinting/,2018-07-20T19:08:33+00:00
https://www.accutintbellevue.com/services/commercial-window-film/visualizer/,200,https://www.accutintbellevue.com/services/commercial-window-film/,2018-08-17T00:20:55+00:00
https://www.accutintbellevue.com/services/residential-window-film/visualizer/,200,https://www.accutintbellevue.com/services/residential-window-film/,2018-08-17T00:23:24+00:00
https://www.accutintbellevue.com/services/automotive-window-tinting/,200,https://www.accutintbellevue.com/services/auto-window-tinting/,2019-07-04T17:33:01+00:00
https://www.accutintbellevue.com/services/coatings/opti-coat-pro/,200,https://www.accutintbellevue.com/services/ceramic-coating/,2019-08-13T15:55:39+00:00
https://www.accutintbellevue.com/auto-paint-protection-film/,200,https://www.accutintbellevue.com/services/paint-protection-film/,2019-10-15T21:57:24+00:00
https://www.accutintbellevue.com/services/vinyl-wraps/problems-vinyl-wraps/,200,https://www.accutintbellevue.com/services/vinyl-wraps/,2020-08-07T00:29:49+00:00
https://www.accutintbellevue.com/about-us/12th-man-drive/,200,https://www.accutintbellevue.com/about-us/,2021-09-18T00:20:30+00:00
https://www.accutintbellevue.com/our-products/,200,https://www.accutintbellevue.com/services/,2022-08-09T19:46:16+00:00
https://www.accutintbellevue.com/services/paint-protection-film/,200,https://www.accutintbellevue.com/services/paint-protection-film/,2023-01-06T16:17:17+00:00
https://www.accutintbellevue.com/contact-us/,200,https://www.accutintbellevue.com/contact-us/,2023-03-30T16:51:18+00:00
https://www.accutintbellevue.com/services/tesla-window-tinting/,404,https://www.accutintbellevue.com/services/tesla-window-tinting/,2023-05-23T21:26:30+00:00
https://www.accutintbellevue.com/contact-us/confirmation/,200,https://www.accutintbellevue.com/contact-us/confirmation/,2023-08-15T00:35:16+00:00
https://www.accutintbellevue.com/specials/,200,https://www.accutintbellevue.com/,2023-12-21T19:15:01+00:00
https://www.accutintbellevue.com/services/auto-detailing/,200,https://www.accutintbellevue.com/services/auto-detailing/,2024-02-02T02:49:47+00:00
https://www.accutintbellevue.com/services/coatings/,200,https://www.accutintbellevue.com/services/ceramic-coating/,2024-02-02T02:50:07+00:00
https://www.accutintbellevue.com/about-us/,200,https://www.accutintbellevue.com/about-us/,2024-03-07T19:10:07+00:00
https://www.accutintbellevue.com/services/vinyl-wraps/,200,https://www.accutintbellevue.com/services/vinyl-wraps/,2024-07-18T00:54:03+00:00
https://www.accutintbellevue.com/services/windshield-protection-film/,404,https://www.accutintbellevue.com/services/windshield-protection-film/,2024-07-31T16:34:04+00:00
